structure,ref_res_index,ref_resname,tgt_res_index,tgt_resname,dCA_A
2DN3_aln,26,LEU,27,LEU,0.3191896378993988
2DN3_aln,29,LEU,30,LEU,0.5104203224182129
2DN3_aln,30,LEU,31,LEU,0.5419162511825562
2DN3_aln,36,THR,37,THR,0.795352041721344
2DN3_aln,37,GLN,38,GLN,0.542181670665741
2DN3_aln,38,ARG,39,ARG,0.7656421661376953
2DN3_aln,39,PHE,40,PHE,0.6207221746444702
2DN3_aln,40,PHE,41,PHE,0.38825365900993347
2DN3_aln,42,SER,43,SER,0.7717550992965698
2DN3_aln,43,PHE,44,PHE,0.45378077030181885
2DN3_aln,61,HIS,62,HIS,0.49791982769966125
2DN3_aln,64,LYS,65,LYS,0.6008735299110413
2DN3_aln,65,VAL,66,VAL,0.7973544001579285
2DN3_aln,66,LEU,67,LEU,0.7951678037643433
2DN3_aln,67,GLY,68,GLY,0.8137441277503967
2DN3_aln,68,ALA,69,ALA,1.1867475509643555
2DN3_aln,69,PHE,70,PHE,1.1904590129852295
2DN3_aln,70,SER,71,SER,0.7175201177597046
2DN3_aln,83,PHE,84,PHE,0.5857455730438232
2DN3_aln,86,LEU,87,LEU,0.9504678845405579
2DN3_aln,89,LEU,90,LEU,1.3323233127593994
2DN3_aln,90,HIS,91,HIS,1.047479510307312
2DN3_aln,94,LEU,95,LEU,1.7342586517333984
2DN3_aln,96,VAL,97,VAL,1.3487857580184937
2DN3_aln,97,ASP,98,ASP,1.3160549402236938
2DN3_aln,98,PRO,99,PRO,1.1083775758743286
2DN3_aln,99,GLU,100,GLU,1.0809074640274048
2DN3_aln,100,ASN,101,ASN,1.1841559410095215
2DN3_aln,101,PHE,102,PHE,0.7813171148300171
2DN3_aln,102,ARG,103,ARG,0.5051466226577759
2DN3_aln,103,LEU,104,LEU,0.5319716930389404
2DN3_aln,104,LEU,105,LEU,0.3499215543270111
2DN3_aln,105,GLY,106,GLY,0.6083981394767761
2DN3_aln,108,LEU,109,LEU,0.33981624245643616
2DN3_aln,135,VAL,136,VAL,0.18256479501724243
2DN3_aln,136,ALA,137,ALA,0.2212914675474167
2DN3_aln,139,LEU,140,LEU,0.26099851727485657
6BB5_aln,26,LEU,26,LEU,0.3274278938770294
6BB5_aln,29,LEU,29,LEU,0.3607783019542694
6BB5_aln,30,LEU,30,LEU,0.47789034247398376
6BB5_aln,36,THR,36,THR,0.8305720090866089
6BB5_aln,37,GLN,37,GLN,0.4692610800266266
6BB5_aln,38,ARG,38,ARG,0.5892758965492249
6BB5_aln,39,PHE,39,PHE,0.49269571900367737
6BB5_aln,40,PHE,40,PHE,0.3045309782028198
6BB5_aln,42,SER,42,SER,0.6681175231933594
6BB5_aln,43,PHE,43,PHE,0.38984623551368713
6BB5_aln,61,HIS,61,HIS,0.5946025252342224
6BB5_aln,64,LYS,64,LYS,0.6728779673576355
6BB5_aln,65,VAL,65,VAL,0.7953075170516968
6BB5_aln,66,LEU,66,LEU,0.8463445901870728
6BB5_aln,67,GLY,67,GLY,0.6667736172676086
6BB5_aln,68,ALA,68,ALA,1.121604084968567
6BB5_aln,69,PHE,69,PHE,1.0973044633865356
6BB5_aln,70,SER,70,SER,0.7965708374977112
6BB5_aln,83,PHE,83,PHE,0.6349060535430908
6BB5_aln,86,LEU,86,LEU,0.7823795080184937
6BB5_aln,89,LEU,89,LEU,1.1860616207122803
6BB5_aln,90,HIS,90,HIS,0.9431036114692688
6BB5_aln,94,LEU,94,LEU,1.5426822900772095
6BB5_aln,96,VAL,96,VAL,1.2588404417037964
6BB5_aln,97,ASP,97,ASP,1.195764422416687
6BB5_aln,98,PRO,98,PRO,1.0088850259780884
6BB5_aln,99,GLU,99,GLU,1.012440800666809
6BB5_aln,100,ASN,100,ASN,1.1365983486175537
6BB5_aln,101,PHE,101,PHE,0.7013393640518188
6BB5_aln,102,ARG,102,ARG,0.4993251860141754
6BB5_aln,103,LEU,103,LEU,0.5269191265106201
6BB5_aln,104,LEU,104,LEU,0.32877057790756226
6BB5_aln,105,GLY,105,GLY,0.5319532752037048
6BB5_aln,108,LEU,108,LEU,0.28449785709381104
6BB5_aln,135,VAL,135,VAL,0.2802676856517792
6BB5_aln,136,ALA,136,ALA,0.18728595972061157
6BB5_aln,139,LEU,139,LEU,0.23933705687522888
mut_D99N_aln,26,LEU,28,LEU,0.15936744213104248
mut_D99N_aln,29,LEU,31,LEU,0.12881380319595337
mut_D99N_aln,30,LEU,32,LEU,0.25141409039497375
mut_D99N_aln,36,THR,38,THR,0.568963885307312
mut_D99N_aln,37,GLN,39,GLN,0.42269396781921387
mut_D99N_aln,38,ARG,40,ARG,0.7742201089859009
mut_D99N_aln,39,PHE,41,PHE,0.32728275656700134
mut_D99N_aln,40,PHE,42,PHE,0.5846914649009705
mut_D99N_aln,42,SER,44,SER,1.1513665914535522
mut_D99N_aln,43,PHE,45,PHE,0.36159220337867737
mut_D99N_aln,61,HIS,63,HIS,0.6138712167739868
mut_D99N_aln,64,LYS,66,LYS,0.6901211738586426
mut_D99N_aln,65,VAL,67,VAL,0.9413288831710815
mut_D99N_aln,66,LEU,68,LEU,0.9935033321380615
mut_D99N_aln,67,GLY,69,GLY,0.6606284379959106
mut_D99N_aln,68,ALA,70,ALA,0.5558308959007263
mut_D99N_aln,69,PHE,71,PHE,0.7411483526229858
mut_D99N_aln,70,SER,72,SER,0.8742180466651917
mut_D99N_aln,83,PHE,85,PHE,0.4504953622817993
mut_D99N_aln,86,LEU,88,LEU,0.4688550531864166
mut_D99N_aln,89,LEU,91,LEU,0.6641190052032471
mut_D99N_aln,90,HIS,92,HIS,0.35493579506874084
mut_D99N_aln,94,LEU,96,LEU,0.8407761454582214
mut_D99N_aln,96,VAL,98,VAL,0.5242182612419128
mut_D99N_aln,97,ASP,99,ASN,0.6588853001594543
mut_D99N_aln,98,PRO,100,PRO,0.6276211142539978
mut_D99N_aln,99,GLU,101,GLU,0.42570775747299194
mut_D99N_aln,100,ASN,102,ASN,0.4630400240421295
mut_D99N_aln,101,PHE,103,PHE,0.14233064651489258
mut_D99N_aln,102,ARG,104,ARG,0.22637596726417542
mut_D99N_aln,103,LEU,105,LEU,0.22150859236717224
mut_D99N_aln,104,LEU,106,LEU,0.07315736263990402
mut_D99N_aln,105,GLY,107,GLY,0.36153310537338257
mut_D99N_aln,108,LEU,110,LEU,0.19467663764953613
mut_D99N_aln,135,VAL,137,VAL,0.162338986992836
mut_D99N_aln,136,ALA,138,ALA,0.22012069821357727
mut_D99N_aln,139,LEU,141,LEU,0.36092329025268555
mut_K82N_aln,26,LEU,28,LEU,0.15272846817970276
mut_K82N_aln,29,LEU,31,LEU,0.10587728023529053
mut_K82N_aln,30,LEU,32,LEU,0.2401563823223114
mut_K82N_aln,36,THR,38,THR,0.4648151695728302
mut_K82N_aln,37,GLN,39,GLN,0.3434253931045532
mut_K82N_aln,38,ARG,40,ARG,0.6158739924430847
mut_K82N_aln,39,PHE,41,PHE,0.33125507831573486
mut_K82N_aln,40,PHE,42,PHE,0.5807632207870483
mut_K82N_aln,42,SER,44,SER,1.1833451986312866
mut_K82N_aln,43,PHE,45,PHE,0.3620566427707672
mut_K82N_aln,61,HIS,63,HIS,0.5933842658996582
mut_K82N_aln,64,LYS,66,LYS,0.6913501024246216
mut_K82N_aln,65,VAL,67,VAL,0.9403244256973267
mut_K82N_aln,66,LEU,68,LEU,1.0090614557266235
mut_K82N_aln,67,GLY,69,GLY,0.6783078908920288
mut_K82N_aln,68,ALA,70,ALA,0.5595542192459106
mut_K82N_aln,69,PHE,71,PHE,0.7467079758644104
mut_K82N_aln,70,SER,72,SER,0.8921706080436707
mut_K82N_aln,83,PHE,85,PHE,0.4738120436668396
mut_K82N_aln,86,LEU,88,LEU,0.5959303379058838
mut_K82N_aln,89,LEU,91,LEU,0.7459447383880615
mut_K82N_aln,90,HIS,92,HIS,0.4279170334339142
mut_K82N_aln,94,LEU,96,LEU,0.7345701456069946
mut_K82N_aln,96,VAL,98,VAL,0.4394553601741791
mut_K82N_aln,97,ASP,99,ASP,0.6213556528091431
mut_K82N_aln,98,PRO,100,PRO,0.6174059510231018
mut_K82N_aln,99,GLU,101,GLU,0.33688268065452576
mut_K82N_aln,100,ASN,102,ASN,0.42217642068862915
mut_K82N_aln,101,PHE,103,PHE,0.1667574793100357
mut_K82N_aln,102,ARG,104,ARG,0.17883218824863434
mut_K82N_aln,103,LEU,105,LEU,0.1859946846961975
mut_K82N_aln,104,LEU,106,LEU,0.06581047177314758
mut_K82N_aln,105,GLY,107,GLY,0.3442804515361786
mut_K82N_aln,108,LEU,110,LEU,0.21252059936523438
mut_K82N_aln,135,VAL,137,VAL,0.15037617087364197
mut_K82N_aln,136,ALA,138,ALA,0.24702082574367523
mut_K82N_aln,139,LEU,141,LEU,0.44567275047302246
mut_N102T_aln,26,LEU,28,LEU,0.17121917009353638
mut_N102T_aln,29,LEU,31,LEU,0.14795279502868652
mut_N102T_aln,30,LEU,32,LEU,0.26483792066574097
mut_N102T_aln,36,THR,38,THR,0.5259324908256531
mut_N102T_aln,37,GLN,39,GLN,0.3652425706386566
mut_N102T_aln,38,ARG,40,ARG,0.6398294568061829
mut_N102T_aln,39,PHE,41,PHE,0.3273620903491974
mut_N102T_aln,40,PHE,42,PHE,0.5627398490905762
mut_N102T_aln,42,SER,44,SER,1.1883320808410645
mut_N102T_aln,43,PHE,45,PHE,0.3555685877799988
mut_N102T_aln,61,HIS,63,HIS,0.5605212450027466
mut_N102T_aln,64,LYS,66,LYS,0.6558339595794678
mut_N102T_aln,65,VAL,67,VAL,0.8972536325454712
mut_N102T_aln,66,LEU,68,LEU,0.9474946856498718
mut_N102T_aln,67,GLY,69,GLY,0.6441037654876709
mut_N102T_aln,68,ALA,70,ALA,0.5782361030578613
mut_N102T_aln,69,PHE,71,PHE,0.7402135133743286
mut_N102T_aln,70,SER,72,SER,0.8728351593017578
mut_N102T_aln,83,PHE,85,PHE,0.3568935990333557
mut_N102T_aln,86,LEU,88,LEU,0.4273662865161896
mut_N102T_aln,89,LEU,91,LEU,0.6325780153274536
mut_N102T_aln,90,HIS,92,HIS,0.3384162485599518
mut_N102T_aln,94,LEU,96,LEU,0.4387687146663666
mut_N102T_aln,96,VAL,98,VAL,0.5135581493377686
mut_N102T_aln,97,ASP,99,ASP,0.9553484916687012
mut_N102T_aln,98,PRO,100,PRO,0.6960024237632751
mut_N102T_aln,99,GLU,101,GLU,0.34703025221824646
mut_N102T_aln,100,ASN,102,THR,0.21042093634605408
mut_N102T_aln,101,PHE,103,PHE,0.1313357800245285
mut_N102T_aln,102,ARG,104,ARG,0.16768410801887512
mut_N102T_aln,103,LEU,105,LEU,0.23444172739982605
mut_N102T_aln,104,LEU,106,LEU,0.03822311758995056
mut_N102T_aln,105,GLY,107,GLY,0.37454643845558167
mut_N102T_aln,108,LEU,110,LEU,0.22034059464931488
mut_N102T_aln,135,VAL,137,VAL,0.18574734032154083
mut_N102T_aln,136,ALA,138,ALA,0.2938220798969269
mut_N102T_aln,139,LEU,141,LEU,0.49960944056510925
mut_Y35F_aln,26,LEU,28,LEU,0.13341663777828217
mut_Y35F_aln,29,LEU,31,LEU,0.07052657008171082
mut_Y35F_aln,30,LEU,32,LEU,0.24546684324741364
mut_Y35F_aln,36,THR,38,THR,0.48193037509918213
mut_Y35F_aln,37,GLN,39,GLN,0.3509344458580017
mut_Y35F_aln,38,ARG,40,ARG,0.6270861029624939
mut_Y35F_aln,39,PHE,41,PHE,0.28441330790519714
mut_Y35F_aln,40,PHE,42,PHE,0.5443620085716248
mut_Y35F_aln,42,SER,44,SER,1.1437487602233887
mut_Y35F_aln,43,PHE,45,PHE,0.3254365026950836
mut_Y35F_aln,61,HIS,63,HIS,0.5484165549278259
mut_Y35F_aln,64,LYS,66,LYS,0.6324342489242554
mut_Y35F_aln,65,VAL,67,VAL,0.8732090592384338
mut_Y35F_aln,66,LEU,68,LEU,0.931760847568512
mut_Y35F_aln,67,GLY,69,GLY,0.621923565864563
mut_Y35F_aln,68,ALA,70,ALA,0.5608333349227905
mut_Y35F_aln,69,PHE,71,PHE,0.7290108799934387
mut_Y35F_aln,70,SER,72,SER,0.8364561796188354
mut_Y35F_aln,83,PHE,85,PHE,0.5012565851211548
mut_Y35F_aln,86,LEU,88,LEU,0.5690743923187256
mut_Y35F_aln,89,LEU,91,LEU,0.7100115418434143
mut_Y35F_aln,90,HIS,92,HIS,0.3884947597980499
mut_Y35F_aln,94,LEU,96,LEU,0.8162169456481934
mut_Y35F_aln,96,VAL,98,VAL,0.46079161763191223
mut_Y35F_aln,97,ASP,99,ASP,0.6925784349441528
mut_Y35F_aln,98,PRO,100,PRO,0.5499715209007263
mut_Y35F_aln,99,GLU,101,GLU,0.3103303015232086
mut_Y35F_aln,100,ASN,102,ASN,0.36238524317741394
mut_Y35F_aln,101,PHE,103,PHE,0.0680074691772461
mut_Y35F_aln,102,ARG,104,ARG,0.28163984417915344
mut_Y35F_aln,103,LEU,105,LEU,0.24625179171562195
mut_Y35F_aln,104,LEU,106,LEU,0.058017149567604065
mut_Y35F_aln,105,GLY,107,GLY,0.3870788812637329
mut_Y35F_aln,108,LEU,110,LEU,0.21099047362804413
mut_Y35F_aln,135,VAL,137,VAL,0.1393163651227951
mut_Y35F_aln,136,ALA,138,ALA,0.18122141063213348
mut_Y35F_aln,139,LEU,141,LEU,0.3991868197917938
ref_aln,26,LEU,26,LEU,0.0
ref_aln,29,LEU,29,LEU,0.0
ref_aln,30,LEU,30,LEU,0.0
ref_aln,36,THR,36,THR,0.0
ref_aln,37,GLN,37,GLN,0.0
ref_aln,38,ARG,38,ARG,0.0
ref_aln,39,PHE,39,PHE,0.0
ref_aln,40,PHE,40,PHE,0.0
ref_aln,42,SER,42,SER,0.0
ref_aln,43,PHE,43,PHE,0.0
ref_aln,61,HIS,61,HIS,0.0
ref_aln,64,LYS,64,LYS,0.0
ref_aln,65,VAL,65,VAL,0.0
ref_aln,66,LEU,66,LEU,0.0
ref_aln,67,GLY,67,GLY,0.0
ref_aln,68,ALA,68,ALA,0.0
ref_aln,69,PHE,69,PHE,0.0
ref_aln,70,SER,70,SER,0.0
ref_aln,83,PHE,83,PHE,0.0
ref_aln,86,LEU,86,LEU,0.0
ref_aln,89,LEU,89,LEU,0.0
ref_aln,90,HIS,90,HIS,0.0
ref_aln,94,LEU,94,LEU,0.0
ref_aln,96,VAL,96,VAL,0.0
ref_aln,97,ASP,97,ASP,0.0
ref_aln,98,PRO,98,PRO,0.0
ref_aln,99,GLU,99,GLU,0.0
ref_aln,100,ASN,100,ASN,0.0
ref_aln,101,PHE,101,PHE,0.0
ref_aln,102,ARG,102,ARG,0.0
ref_aln,103,LEU,103,LEU,0.0
ref_aln,104,LEU,104,LEU,0.0
ref_aln,105,GLY,105,GLY,0.0
ref_aln,108,LEU,108,LEU,0.0
ref_aln,135,VAL,135,VAL,0.0
ref_aln,136,ALA,136,ALA,0.0
ref_aln,139,LEU,139,LEU,0.0
