best_cluster_rank,best_run,dlg_path,error,ligand,low_confidence,lowest_energy,mean_energy,members,members_fraction,multi_member_clusters_present,protein
1,69,mut_Y35F\2_3_BPG\dock.dlg,,"2,3-BPG",False,-10.11,-9.08,64,0.64,True,mut_Y35F
1,96,mut_Y35F\heme\dock.dlg,,heme,False,-7.74,-6.8,11,0.11,True,mut_Y35F
1,53,mut_Y35F\heme_Co\dock.dlg,,heme_Co,False,-7.96,-6.82,5,0.05,True,mut_Y35F
1,89,mut_Y35F\heme_Fe\dock.dlg,,heme_Fe,False,-12.38,-11.32,11,0.11,True,mut_Y35F
1,85,mut_Y35F\heme_O2\dock.dlg,,heme_O2,False,-8.01,-7.27,7,0.07,True,mut_Y35F
3,89,mut_Y35F\IHP\dock.dlg,,IHP,True,0.35,1.27,2,0.02,True,mut_Y35F
2,72,mut_N102T\2_3_BPG\dock.dlg,,"2,3-BPG",False,-9.59,-9.12,76,0.76,True,mut_N102T
1,16,mut_N102T\heme\dock.dlg,,heme,False,-8.69,-7.56,8,0.08,True,mut_N102T
1,47,mut_N102T\heme_Co\dock.dlg,,heme_Co,True,-7.82,-6.14,4,0.04,True,mut_N102T
1,88,mut_N102T\heme_Fe\dock.dlg,,heme_Fe,False,-12.24,-10.81,7,0.07,True,mut_N102T
1,49,mut_N102T\heme_O2\dock.dlg,,heme_O2,False,-7.81,-7.13,9,0.09,True,mut_N102T
1,33,mut_N102T\IHP\dock.dlg,,IHP,True,0.57,1.77,4,0.04,True,mut_N102T
3,82,mut_K82N\2_3_BPG\dock.dlg,,"2,3-BPG",False,-6.96,-6.67,11,0.11,True,mut_K82N
1,14,mut_K82N\heme\dock.dlg,,heme,False,-7.69,-6.8,6,0.06,True,mut_K82N
1,35,mut_K82N\heme_Co\dock.dlg,,heme_Co,False,-7.6,-7.21,5,0.05,True,mut_K82N
1,39,mut_K82N\heme_Fe\dock.dlg,,heme_Fe,False,-12.21,-11.54,5,0.05,True,mut_K82N
1,66,mut_K82N\heme_O2\dock.dlg,,heme_O2,True,-13.85,-13.62,2,0.02,True,mut_K82N
1,15,mut_K82N\IHP\dock.dlg,,IHP,True,0.55,0.95,2,0.02,True,mut_K82N
2,16,mut_D99N\2_3_BPG\dock.dlg,,"2,3-BPG",False,-9.74,-9.19,52,0.52,True,mut_D99N
1,45,mut_D99N\heme\dock.dlg,,heme,False,-7.71,-6.91,9,0.09,True,mut_D99N
1,28,mut_D99N\heme_Co\dock.dlg,,heme_Co,True,-7.65,-7.48,3,0.03,True,mut_D99N
1,100,mut_D99N\heme_Fe\dock.dlg,,heme_Fe,False,-13.44,-12.61,37,0.37,True,mut_D99N
1,46,mut_D99N\heme_O2\dock.dlg,,heme_O2,False,-13.58,-13.12,6,0.06,True,mut_D99N
5,82,mut_D99N\IHP\dock.dlg,,IHP,True,0.62,0.91,2,0.02,True,mut_D99N
1,96,AncMH_nat\2_3_BPG\dock.dlg,,"2,3-BPG",False,-9.47,-8.99,84,0.84,True,AncMH_nat
3,42,AncMH_nat\heme\dock.dlg,,heme,True,-6.53,-6.32,2,0.02,True,AncMH_nat
1,26,AncMH_nat\heme_Co\dock.dlg,,heme_Co,True,-8.93,-8.68,3,0.03,True,AncMH_nat
1,24,AncMH_nat\heme_Fe\dock.dlg,,heme_Fe,False,-12.6,-11.85,11,0.11,True,AncMH_nat
1,88,AncMH_nat\heme_O2\dock.dlg,,heme_O2,False,-14.18,-13.35,27,0.27,True,AncMH_nat
2,94,AncMH_nat\IHP\dock.dlg,,IHP,True,-0.33,0.01,3,0.03,True,AncMH_nat
1,38,AncB\2_3_BPG\dock.dlg,,"2,3-BPG",False,-12.07,-11.16,68,0.68,True,AncB
3,11,AncB\heme\dock.dlg,,heme,False,-6.83,-5.79,9,0.09,True,AncB
1,62,AncB\heme_Co\dock.dlg,,heme_Co,False,-8.81,-7.59,29,0.29,True,AncB
1,29,AncB\heme_Fe\dock.dlg,,heme_Fe,False,-15.35,-14.6,47,0.47,True,AncB
1,25,AncB\heme_O2\dock.dlg,,heme_O2,False,-16.34,-15.66,37,0.37,True,AncB
1,25,AncB\IHP\dock.dlg,,IHP,True,-0.65,0.95,3,0.03,True,AncB
1,28,AncA\2_3_BPG\dock.dlg,,"2,3-BPG",False,-11.05,-10.43,70,0.7,True,AncA
1,67,AncA\heme\dock.dlg,,heme,True,-9.75,-9.12,2,0.02,True,AncA
1,41,AncA\heme_Co\dock.dlg,,heme_Co,False,-8.45,-7.54,51,0.51,True,AncA
1,80,AncA\heme_Fe\dock.dlg,,heme_Fe,False,-15.81,-14.81,64,0.64,True,AncA
1,26,AncA\heme_O2\dock.dlg,,heme_O2,False,-15.36,-14.94,16,0.16,True,AncA
2,48,AncA\IHP\dock.dlg,,IHP,True,-0.4,0.56,2,0.02,True,AncA
1,9,6BB5\2_3_BPG\dock.dlg,,"2,3-BPG",False,-7.64,-7.03,76,0.76,True,6BB5
2,71,6BB5\heme\dock.dlg,,heme,True,-6.58,-6.32,2,0.02,True,6BB5
1,70,6BB5\heme_Co\dock.dlg,,heme_Co,False,-13.6,-13.32,13,0.13,True,6BB5
1,83,6BB5\heme_Fe\dock.dlg,,heme_Fe,False,-13.37,-12.51,64,0.64,True,6BB5
1,53,6BB5\heme_O2\dock.dlg,,heme_O2,False,-16.61,-15.4,55,0.55,True,6BB5
15,35,6BB5\IHP\dock.dlg,,IHP,True,2.74,3.19,2,0.02,True,6BB5
1,45,2DN3\2_3_BPG\dock.dlg,,"2,3-BPG",False,-7.36,-7.05,63,0.63,True,2DN3
1,61,2DN3\heme\dock.dlg,,heme,True,-6.22,-6.02,2,0.02,True,2DN3
1,62,2DN3\heme_Co\dock.dlg,,heme_Co,False,-14.39,-13.83,21,0.21,True,2DN3
1,62,2DN3\heme_Fe\dock.dlg,,heme_Fe,False,-13.97,-12.98,46,0.46,True,2DN3
1,24,2DN3\heme_O2\dock.dlg,,heme_O2,False,-16.82,-15.51,44,0.44,True,2DN3
10,59,2DN3\IHP\dock.dlg,,IHP,True,2.96,3.2,2,0.02,True,2DN3
1,43,1A3N\2_3_BPG\dock.dlg,,"2,3-BPG",False,-8.97,-8.29,24,0.24,True,1A3N
1,26,1A3N\heme\dock.dlg,,heme,True,-9.32,-8.9,4,0.04,True,1A3N
1,35,1A3N\heme_Co\dock.dlg,,heme_Co,True,-14.28,-13.8,4,0.04,True,1A3N
1,66,1A3N\heme_Fe\dock.dlg,,heme_Fe,False,-14.77,-13.37,32,0.32,True,1A3N
2,58,1A3N\heme_O2\dock.dlg,,heme_O2,False,-15.79,-15.01,28,0.28,True,1A3N
2,52,1A3N\IHP\dock.dlg,,IHP,True,0.1,0.53,2,0.02,True,1A3N
